symbol,spot_price,spot_price_chg_pct,total_traded_vol,delivery_vol_pct,futures_ltp,futures_price_chg_pct,futures_oi,futures_oi_prev,futures_oi_chg_pct,futures_buildup,pcr_ratio,imm_resistance_strike,imm_resistance_strength,imm_resistance_rating,imm_resistance_buildup,imm_support_strike,imm_support_strength,imm_support_rating,imm_support_buildup,global_ce_wall,global_pe_wall,max_pain,risk_flag_code,risk_alert_title,risk_description
AARTIIND,495.95,-0.71,875805,38.05%,0,0.0,0,0,0.0,–,,,,,,,,,,,,,,,
ABB,7506,-0.35,212131,31.30%,7556.5,-0.07,2362125,2352625,0.4,Short Buildup,0.633,7550.0,0,WEAK,–,7500.0,49,WEAK,–,8000.0,7200.0,7400.0,NEUTRAL_BALANCED,⚖️ BALANCED ATM BOUNDS,Immediate bounds: Support at 7500.0 (WEAK) | Resistance at 7550.0 (WEAK).
ABCAPITAL,400.6,-2.07,4736082,52.96%,399.85,-2.25,36657500,36223500,1.2,Short Buildup,0.545,405.0,89,STRONG,Short Buildup,400.0,85,STRONG,–,410.0,400.0,400.0,RANGE_LOCK_STABLE,🛡️ INSTITUTIONAL RANGE LOCK,Writers actively defending both sides between 400.0 – 405.0.
ABFRL,57.05,-0.63,3015586,61.73%,0,0.0,0,0,0.0,–,,,,,,,,,,,,,,,
ACC,1359,-2.08,104453,44.97%,0,0.0,0,0,0.0,–,,,,,,,,,,,,,,,
ADANIENT,3147.7,-1.1,977224,43.02%,3141.4,-1.5,16414698,16106934,1.91,Short Buildup,0.555,3150.0,82,STRONG,Short Buildup,3140.0,69,MODERATE,Long Buildup,3200.0,3100.0,3100.0,RANGE_LOCK_STABLE,🛡️ INSTITUTIONAL RANGE LOCK,Writers actively defending both sides between 3140.0 – 3150.0.
ADANIGREEN,1472.3,-4.51,3809107,27.31%,1469.1,-4.76,24236400,22942800,5.64,Short Buildup,0.909,1480.0,50,MODERATE,–,1470.0,53,MODERATE,–,1600.0,1400.0,1520.0,NEUTRAL_BALANCED,⚖️ BALANCED ATM BOUNDS,Immediate bounds: Support at 1470.0 (MODERATE) | Resistance at 1480.0 (MODERATE).
ADANIPORTS,1819.4,-1.47,1436881,49.62%,1820.5,-1.43,17247250,16992650,1.5,Short Buildup,0.634,1820.0,84,STRONG,–,1800.0,66,MODERATE,–,1900.0,1700.0,1820.0,RANGE_LOCK_STABLE,🛡️ INSTITUTIONAL RANGE LOCK,Writers actively defending both sides between 1800.0 – 1820.0.
ADANITRANS,0,0.0,–,–,0,0.0,0,0,0.0,–,,,,,,,,,,,,,,,
AMBUJACEM,430.8,-2.28,1257009,36.51%,429.8,-2.55,75492000,74568000,1.24,Short Buildup,0.461,435.0,94,STRONG,Short Buildup,430.0,70,MODERATE,Long Buildup,440.0,430.0,435.0,RANGE_LOCK_STABLE,🛡️ INSTITUTIONAL RANGE LOCK,Writers actively defending both sides between 430.0 – 435.0.
APLAPOLLO,1822.9,0.18,340199,60.50%,1820.8,0.12,5702550,5700800,0.03,Long Buildup,0.784,1840.0,90,STRONG,–,1820.0,71,MODERATE,–,1900.0,1700.0,1800.0,RANGE_LOCK_STABLE,🛡️ INSTITUTIONAL RANGE LOCK,Writers actively defending both sides between 1820.0 – 1840.0.
APOLLOHOSP,8938,0.13,158324,68.59%,8935.0,-0.17,2044625,1986000,2.95,Short Buildup,0.645,9000.0,93,STRONG,Short Buildup,8900.0,77,MODERATE,Short Buildup,9000.0,8700.0,8850.0,RANGE_LOCK_STABLE,🛡️ INSTITUTIONAL RANGE LOCK,Writers actively defending both sides between 8900.0 – 9000.0.
ASHOKLEY,152.49,-0.94,8774983,41.07%,151.96,-1.27,149285000,146015000,2.24,Short Buildup,0.697,152.5,75,MODERATE,–,150.0,91,STRONG,–,170.0,150.0,160.0,RANGE_LOCK_STABLE,🛡️ INSTITUTIONAL RANGE LOCK,Writers actively defending both sides between 150.0 – 152.5.
ASIANPAINT,2692.8,0.01,528096,52.92%,2690.7,-0.08,7049500,7031000,0.26,Short Buildup,0.783,2700.0,74,MODERATE,–,2680.0,58,MODERATE,–,2700.0,2400.0,2680.0,NEUTRAL_BALANCED,⚖️ BALANCED ATM BOUNDS,Immediate bounds: Support at 2680.0 (MODERATE) | Resistance at 2700.0 (MODERATE).
ASTRAL,1430.8,1.11,716968,46.65%,1409.2,0.81,8063950,7767300,3.82,Long Buildup,0.558,1440.0,84,STRONG,–,1420.0,25,WEAK,–,1500.0,1300.0,1400.0,NEUTRAL_BALANCED,⚖️ BALANCED ATM BOUNDS,Immediate bounds: Support at 1420.0 (WEAK) | Resistance at 1440.0 (STRONG).
ATGL,681.6,-2.68,2120537,23.72%,0,0.0,0,0,0.0,–,,,,,,,,,,,,,,,
AUROPHARMA,1533.6,-2.92,2357447,49.66%,1532.8,-2.93,9636000,9178400,4.99,Short Buildup,0.468,1540.0,84,STRONG,–,1520.0,70,MODERATE,–,1620.0,1500.0,1540.0,RANGE_LOCK_STABLE,🛡️ INSTITUTIONAL RANGE LOCK,Writers actively defending both sides between 1520.0 – 1540.0.
AXISBANK,1238.4,-1.57,8358923,77.87%,1235.7,-2.05,65720000,65191875,0.81,Short Buildup,0.753,1240.0,55,MODERATE,–,1230.0,100,STRONG,–,1300.0,1220.0,1280.0,NEUTRAL_BALANCED,⚖️ BALANCED ATM BOUNDS,Immediate bounds: Support at 1230.0 (STRONG) | Resistance at 1240.0 (MODERATE).
BAJAJ-AUTO,10998.5,5.72,1448948,37.29%,11030.0,5.58,2630100,2445750,7.54,Long Buildup,0.969,11000.0,75,MODERATE,–,10900.0,72,MODERATE,–,11000.0,10500.0,10700.0,NEUTRAL_BALANCED,⚖️ BALANCED ATM BOUNDS,Immediate bounds: Support at 10900.0 (MODERATE) | Resistance at 11000.0 (MODERATE).
BAJAJFINSV,1876.4,-1.27,1023902,64.44%,1877.8,-1.13,9612600,9499800,1.19,Short Buildup,0.689,1880.0,60,MODERATE,–,1860.0,72,MODERATE,–,1900.0,1700.0,1860.0,NEUTRAL_BALANCED,⚖️ BALANCED ATM BOUNDS,Immediate bounds: Support at 1860.0 (MODERATE) | Resistance at 1880.0 (MODERATE).
BAJFINANCE,1060.3,-0.83,6757716,72.94%,1056.5,-1.21,66288750,64536750,2.71,Short Buildup,0.721,1070.0,91,STRONG,–,1060.0,45,WEAK,–,1100.0,1000.0,1030.0,NEUTRAL_BALANCED,⚖️ BALANCED ATM BOUNDS,Immediate bounds: Support at 1060.0 (WEAK) | Resistance at 1070.0 (STRONG).
BALKRISIND,2014.7,-1.12,260388,56.85%,0,0.0,0,0,0.0,–,,,,,,,,,,,,,,,
BANDHANBNK,173.5,-16.92,156943419,33.54%,173.65,-16.5,97959600,74502000,31.49,Short Buildup,0.809,175.0,78,MODERATE,–,172.5,100,STRONG,–,180.0,170.0,185.0,RANGE_LOCK_STABLE,🛡️ INSTITUTIONAL RANGE LOCK,Writers actively defending both sides between 172.5 – 175.0.
BANKNIFTY,57126.8,-1.23,–,–,57174.6,-1.37,2071350,2026740,2.2,Short Buildup,0.854,57200.0,53,MODERATE,–,57100.0,51,MODERATE,–,59000.0,57000.0,57900.0,NEUTRAL_BALANCED,⚖️ BALANCED ATM BOUNDS,Immediate bounds: Support at 57100.0 (MODERATE) | Resistance at 57200.0 (MODERATE).
BATAINDIA,694.4,-0.64,113889,48.78%,0,0.0,0,0,0.0,–,,,,,,,,,,,,,,,
BEL,406.75,-0.8,6665967,59.27%,407.3,-0.69,90128400,89621100,0.57,Short Buildup,0.638,410.0,83,STRONG,–,405.0,83,STRONG,–,420.0,400.0,415.0,RANGE_LOCK_STABLE,🛡️ INSTITUTIONAL RANGE LOCK,Writers actively defending both sides between 405.0 – 410.0.
BERGEPAINT,496.45,-1.96,137867,36.61%,0,0.0,0,0,0.0,–,,,,,,,,,,,,,,,
BHARTIARTL,1949,0.03,6589708,80.80%,1930.4,0.18,32908475,32100025,2.52,Long Buildup,0.456,1960.0,96,STRONG,–,1940.0,17,WEAK,–,1960.0,1900.0,1900.0,NEUTRAL_BALANCED,⚖️ BALANCED ATM BOUNDS,Immediate bounds: Support at 1940.0 (WEAK) | Resistance at 1960.0 (STRONG).
BHEL,416.45,0.76,11711567,39.51%,416.0,0.57,77437500,76198500,1.63,Long Buildup,0.636,417.5,53,MODERATE,–,415.0,46,WEAK,–,440.0,400.0,415.0,NEUTRAL_BALANCED,⚖️ BALANCED ATM BOUNDS,Immediate bounds: Support at 415.0 (WEAK) | Resistance at 417.5 (MODERATE).
BIOCON,437.95,-0.53,6102889,50.54%,438.6,-0.5,48665000,47790000,1.83,Short Buildup,0.648,440.0,87,STRONG,–,435.0,65,MODERATE,–,450.0,390.0,430.0,RANGE_LOCK_STABLE,🛡️ INSTITUTIONAL RANGE LOCK,Writers actively defending both sides between 435.0 – 440.0.
BLUESTARCO,1660.7,-2.47,135607,34.35%,1654.5,-2.68,3264950,2918500,11.87,Short Buildup,0.84,1680.0,78,MODERATE,–,1660.0,45,WEAK,–,2000.0,1600.0,1660.0,NEUTRAL_BALANCED,⚖️ BALANCED ATM BOUNDS,Immediate bounds: Support at 1660.0 (WEAK) | Resistance at 1680.0 (MODERATE).
BPCL,314,-1.68,9784696,42.73%,309.2,-3.25,43880550,41109625,6.74,Short Buildup,0.94,315.0,81,STRONG,–,310.0,64,MODERATE,–,320.0,300.0,310.0,RANGE_LOCK_STABLE,🛡️ INSTITUTIONAL RANGE LOCK,Writers actively defending both sides between 310.0 – 315.0.
BRITANNIA,5485.5,0.06,156506,58.09%,5506.5,0.5,2124750,2124750,0.0,Flat,0.573,5500.0,66,MODERATE,–,5450.0,48,WEAK,–,5700.0,4800.0,5350.0,NEUTRAL_BALANCED,⚖️ BALANCED ATM BOUNDS,Immediate bounds: Support at 5450.0 (WEAK) | Resistance at 5500.0 (MODERATE).
CENTURYTEX,0,0.0,–,–,0,0.0,0,0,0.0,–,,,,,,,,,,,,,,,
CESC,164.44,-0.38,446044,58.29%,0,0.0,0,0,0.0,–,,,,,,,,,,,,,,,
CHAMBLFERT,435.75,-0.8,241623,53.57%,0,0.0,0,0,0.0,–,,,,,,,,,,,,,,,
CHOLAFIN,1728,-1.75,923087,53.59%,1731.5,-1.8,14482500,13650000,6.1,Short Buildup,0.707,1740.0,74,MODERATE,–,1720.0,96,STRONG,–,1840.0,1700.0,1800.0,RANGE_LOCK_STABLE,🛡️ INSTITUTIONAL RANGE LOCK,Writers actively defending both sides between 1720.0 – 1740.0.
CIPLA,1415.1,-1.21,1722239,58.71%,1411.5,-1.42,13293150,12891950,3.11,Short Buildup,0.79,1420.0,48,WEAK,–,1410.0,53,MODERATE,–,1500.0,1400.0,1450.0,NEUTRAL_BALANCED,⚖️ BALANCED ATM BOUNDS,Immediate bounds: Support at 1410.0 (MODERATE) | Resistance at 1420.0 (WEAK).
COALINDIA,428.4,-0.66,5625202,58.07%,429.3,-0.64,70668450,63460800,11.36,Short Buildup,0.666,430.0,83,STRONG,–,425.0,75,MODERATE,–,440.0,400.0,435.0,NEUTRAL_BALANCED,⚖️ BALANCED ATM BOUNDS,Immediate bounds: Support at 425.0 (MODERATE) | Resistance at 430.0 (STRONG).
COFORGE,1471.4,-1.51,1016082,48.60%,1471.8,-1.64,17935050,17929350,0.03,Short Buildup,0.51,1480.0,62,MODERATE,–,1460.0,65,MODERATE,–,1500.0,1400.0,1480.0,NEUTRAL_BALANCED,⚖️ BALANCED ATM BOUNDS,Immediate bounds: Support at 1460.0 (MODERATE) | Resistance at 1480.0 (MODERATE).
CONCOR,481.4,-2.08,905534,49.90%,482.85,-1.8,17986250,17891250,0.53,Short Buildup,0.787,485.0,43,WEAK,–,480.0,60,MODERATE,–,500.0,460.0,480.0,NEUTRAL_BALANCED,⚖️ BALANCED ATM BOUNDS,Immediate bounds: Support at 480.0 (MODERATE) | Resistance at 485.0 (WEAK).
COROMANDEL,2039.3,-0.73,59854,44.77%,0,0.0,0,0,0.0,–,,,,,,,,,,,,,,,
CROMPTON,255.7,-1.04,3784342,54.58%,253.45,-0.88,54418650,54023050,0.73,Short Buildup,0.555,257.5,88,STRONG,–,255.0,39,WEAK,–,275.0,240.0,265.0,NEUTRAL_BALANCED,⚖️ BALANCED ATM BOUNDS,Immediate bounds: Support at 255.0 (WEAK) | Resistance at 257.5 (STRONG).
CUMMINSIND,5586,0.05,322364,56.82%,5596.0,0.13,4820000,4547400,5.99,Long Buildup,0.669,5600.0,70,MODERATE,–,5550.0,85,STRONG,–,5700.0,5200.0,5550.0,NEUTRAL_BALANCED,⚖️ BALANCED ATM BOUNDS,Immediate bounds: Support at 5550.0 (STRONG) | Resistance at 5600.0 (MODERATE).
DABUR,426.5,0.09,897737,43.53%,426.9,0.21,29731250,29260000,1.61,Long Buildup,0.689,430.0,83,STRONG,–,425.0,77,MODERATE,–,450.0,400.0,435.0,RANGE_LOCK_STABLE,🛡️ INSTITUTIONAL RANGE LOCK,Writers actively defending both sides between 425.0 – 430.0.
DEEPAKNTR,1696,-0.72,95795,47.17%,0,0.0,0,0,0.0,–,,,,,,,,,,,,,,,
DIVISLAB,7386.5,0.77,371324,55.21%,7350.0,0.48,3824100,3721600,2.75,Long Buildup,0.594,7400.0,88,STRONG,–,7350.0,0,WEAK,–,7500.0,6650.0,7100.0,NEUTRAL_BALANCED,⚖️ BALANCED ATM BOUNDS,Immediate bounds: Support at 7350.0 (WEAK) | Resistance at 7400.0 (STRONG).
DIXON,13882,-1.67,417536,21.11%,13834.0,-1.36,2287300,2233700,2.4,Short Buildup,0.545,13900.0,100,STRONG,–,13800.0,50,MODERATE,–,14500.0,13000.0,13500.0,NEUTRAL_BALANCED,⚖️ BALANCED ATM BOUNDS,Immediate bounds: Support at 13800.0 (MODERATE) | Resistance at 13900.0 (STRONG).
DLF,651.5,-3.29,3637181,40.50%,645.5,-3.06,38701100,38699200,0.0,Short Buildup,0.614,655.0,53,MODERATE,–,650.0,60,MODERATE,–,680.0,650.0,650.0,NEUTRAL_BALANCED,⚖️ BALANCED ATM BOUNDS,Immediate bounds: Support at 650.0 (MODERATE) | Resistance at 655.0 (MODERATE).
DMART,4000.5,0.63,324607,56.22%,4014.0,1.16,4930200,4930200,0.0,Flat,0.494,4050.0,76,MODERATE,–,4000.0,43,WEAK,–,4700.0,4000.0,4000.0,NEUTRAL_BALANCED,⚖️ BALANCED ATM BOUNDS,Immediate bounds: Support at 4000.0 (WEAK) | Resistance at 4050.0 (MODERATE).
DRREDDY,1182.8,-1.92,2528082,47.50%,1178.0,-2.66,14408125,14385000,0.16,Short Buildup,1.186,1190.0,41,WEAK,–,1180.0,67,MODERATE,–,1400.0,1170.0,1240.0,NEUTRAL_BALANCED,⚖️ BALANCED ATM BOUNDS,Immediate bounds: Support at 1180.0 (MODERATE) | Resistance at 1190.0 (WEAK).
EICHERMOT,7632,-0.75,409800,55.86%,7642.0,-0.65,3796100,3653800,3.89,Short Buildup,0.538,7650.0,65,MODERATE,–,7600.0,45,WEAK,–,8000.0,6800.0,7400.0,NEUTRAL_BALANCED,⚖️ BALANCED ATM BOUNDS,Immediate bounds: Support at 7600.0 (WEAK) | Resistance at 7650.0 (MODERATE).
ESCORTS,2948.4,-0.26,50786,53.50%,0,0.0,0,0,0.0,–,,,,,,,,,,,,,,,
EXIDEIND,447.85,0.99,4528760,43.51%,447.5,0.89,20206800,20206800,0.0,Flat,0.378,450.0,87,STRONG,–,447.5,100,STRONG,–,450.0,420.0,420.0,NEUTRAL_BALANCED,⚖️ BALANCED ATM BOUNDS,Immediate bounds: Support at 447.5 (STRONG) | Resistance at 450.0 (STRONG).
FEDERALBNK,353.25,-0.79,4288304,53.55%,353.45,-0.87,83957500,81890000,2.52,Short Buildup,0.821,355.0,59,MODERATE,–,352.5,44,WEAK,–,360.0,330.0,340.0,NEUTRAL_BALANCED,⚖️ BALANCED ATM BOUNDS,Immediate bounds: Support at 352.5 (WEAK) | Resistance at 355.0 (MODERATE).
FINNIFTY,26188.85,-1.29,–,–,26222.0,-1.44,26760,26340,1.59,Short Buildup,0.921,26200.0,48,WEAK,–,26150.0,57,MODERATE,–,27500.0,26000.0,26500.0,NEUTRAL_BALANCED,⚖️ BALANCED ATM BOUNDS,Immediate bounds: Support at 26150.0 (MODERATE) | Resistance at 26200.0 (WEAK).
GAIL,173.01,-0.56,9198076,69.44%,172.84,-0.56,72650750,72423550,0.31,Short Buildup,0.515,174.0,55,MODERATE,–,173.0,26,WEAK,–,180.0,170.0,173.0,AIR_POCKET_DOWNSIDE,💀 DOWNSIDE AIR POCKET RISK,Weak support at 173.0 (26/100) with thin PE backing for 2-3 strikes below. High flush risk.
GMRINFRA,0,0.0,–,–,0,0.0,0,0,0.0,–,,,,,,,,,,,,,,,
GNFC,506.15,0.23,143676,52.00%,0,0.0,0,0,0.0,–,,,,,,,,,,,,,,,
GODREJCP,1068.8,1.38,523442,45.18%,1074.4,1.9,10719000,10429500,2.78,Long Buildup,0.745,1070.0,45,WEAK,–,1060.0,77,MODERATE,–,1100.0,1020.0,1070.0,NEUTRAL_BALANCED,⚖️ BALANCED ATM BOUNDS,Immediate bounds: Support at 1060.0 (MODERATE) | Resistance at 1070.0 (WEAK).
GODREJPROP,2081.1,-3.84,928740,35.29%,2074.7,-3.66,7511725,7335900,2.4,Short Buildup,0.772,2100.0,81,STRONG,–,2080.0,71,MODERATE,–,2160.0,1900.0,2000.0,NEUTRAL_BALANCED,⚖️ BALANCED ATM BOUNDS,Immediate bounds: Support at 2080.0 (MODERATE) | Resistance at 2100.0 (STRONG).
GRANULES,853.8,-2.5,1607330,47.44%,0,0.0,0,0,0.0,–,,,,,,,,,,,,,,,
GUJGASLTD,0,0.0,–,–,0,0.0,0,0,0.0,–,,,,,,,,,,,,,,,
HAL,4574.8,-0.15,976586,41.47%,4560.1,-0.65,4488450,4438500,1.13,Short Buildup,0.533,4600.0,90,STRONG,–,4550.0,72,MODERATE,–,4600.0,4400.0,4500.0,RANGE_LOCK_STABLE,🛡️ INSTITUTIONAL RANGE LOCK,Writers actively defending both sides between 4550.0 – 4600.0.
HAVELLS,1207.1,-0.86,601548,57.72%,1211.0,-0.89,8933000,8933000,0.0,Flat,0.691,1210.0,65,MODERATE,–,1200.0,34,WEAK,–,1220.0,1160.0,1200.0,NEUTRAL_BALANCED,⚖️ BALANCED ATM BOUNDS,Immediate bounds: Support at 1200.0 (WEAK) | Resistance at 1210.0 (MODERATE).
HCLTECH,1237.3,-0.18,2377718,65.13%,1234.0,-0.22,31224400,30889600,1.08,Short Buildup,0.64,1240.0,61,MODERATE,–,1230.0,48,WEAK,–,1300.0,1200.0,1180.0,NEUTRAL_BALANCED,⚖️ BALANCED ATM BOUNDS,Immediate bounds: Support at 1230.0 (WEAK) | Resistance at 1240.0 (MODERATE).
HDFCAMC,2546,-1.36,852280,53.16%,2546.8,-1.29,5907000,5606100,5.37,Short Buildup,2.139,2550.0,44,WEAK,–,2546.0,90,STRONG,–,2700.0,2500.0,2660.0,NEUTRAL_BALANCED,⚖️ BALANCED ATM BOUNDS,Immediate bounds: Support at 2546.0 (STRONG) | Resistance at 2550.0 (WEAK).
HDFCBANK,753.15,-1.09,23385446,65.77%,754.4,-1.12,242888750,239511350,1.41,Short Buildup,0.699,755.0,71,MODERATE,–,750.0,67,MODERATE,–,800.0,750.0,780.0,NEUTRAL_BALANCED,⚖️ BALANCED ATM BOUNDS,Immediate bounds: Support at 750.0 (MODERATE) | Resistance at 755.0 (MODERATE).
HDFCLIFE,553.1,-1.41,1766190,50.47%,551.85,-1.59,40942000,40614200,0.81,Short Buildup,0.702,555.0,89,STRONG,–,550.0,70,MODERATE,–,580.0,510.0,570.0,NEUTRAL_BALANCED,⚖️ BALANCED ATM BOUNDS,Immediate bounds: Support at 550.0 (MODERATE) | Resistance at 555.0 (STRONG).
HEROMOTOCO,4987.1,-0.93,877166,45.41%,4908.9,-1.17,5211900,5131950,1.56,Short Buildup,0.472,5000.0,88,STRONG,–,4950.0,46,WEAK,–,5000.0,4900.0,4900.0,NEUTRAL_BALANCED,⚖️ BALANCED ATM BOUNDS,Immediate bounds: Support at 4950.0 (WEAK) | Resistance at 5000.0 (STRONG).
HINDALCO,950,-0.15,4055709,61.09%,951.25,-0.27,50815100,50466500,0.69,Short Buildup,0.545,960.0,80,STRONG,–,950.0,50,MODERATE,–,1000.0,950.0,960.0,NEUTRAL_BALANCED,⚖️ BALANCED ATM BOUNDS,Immediate bounds: Support at 950.0 (MODERATE) | Resistance at 960.0 (STRONG).
HINDCOPPER,489.25,-0.65,2800918,38.59%,0,0.0,0,0,0.0,–,,,,,,,,,,,,,,,
HINDPETRO,395.2,-2.89,4699577,50.24%,394.0,-3.16,39155400,37827000,3.51,Short Buildup,0.876,400.0,85,STRONG,–,395.0,60,MODERATE,–,400.0,380.0,400.0,RANGE_LOCK_STABLE,🛡️ INSTITUTIONAL RANGE LOCK,Writers actively defending both sides between 395.0 – 400.0.
HINDUNILVR,2154.6,0.56,819175,56.40%,2158.8,0.72,18191700,18114000,0.43,Long Buildup,0.809,2160.0,66,MODERATE,–,2140.0,54,MODERATE,–,2200.0,2100.0,2160.0,NEUTRAL_BALANCED,⚖️ BALANCED ATM BOUNDS,Immediate bounds: Support at 2140.0 (MODERATE) | Resistance at 2160.0 (MODERATE).
ICICIBANK,1440.7,-1.53,8345136,73.62%,1443.7,-1.37,97284600,94996300,2.41,Short Buildup,0.675,1450.0,64,MODERATE,–,1440.0,32,WEAK,–,1460.0,1400.0,1410.0,NEUTRAL_BALANCED,⚖️ BALANCED ATM BOUNDS,Immediate bounds: Support at 1440.0 (WEAK) | Resistance at 1450.0 (MODERATE).
ICICIGI,1583.5,-2.49,1295890,61.80%,1594.3,-1.72,6294275,6294275,0.0,Flat,0.706,1600.0,84,STRONG,Short Buildup,1580.0,76,MODERATE,Long Buildup,1800.0,1480.0,1640.0,RANGE_LOCK_STABLE,🛡️ INSTITUTIONAL RANGE LOCK,Writers actively defending both sides between 1580.0 – 1600.0.
IDEA,13.54,0.37,356889740,25.36%,13.62,0.81,827503004,827503004,0.0,Flat,0.454,14.0,86,STRONG,–,13.0,88,STRONG,–,15.0,13.0,14.0,RANGE_LOCK_STABLE,🛡️ INSTITUTIONAL RANGE LOCK,Writers actively defending both sides between 13.0 – 14.0.
IDFCFIRSTB,80.72,-1.15,13767011,52.98%,80.74,-1.2,341366375,337619275,1.11,Short Buildup,0.787,81.0,85,STRONG,–,80.0,55,MODERATE,–,85.0,80.0,80.0,NEUTRAL_BALANCED,⚖️ BALANCED ATM BOUNDS,Immediate bounds: Support at 80.0 (MODERATE) | Resistance at 81.0 (STRONG).
IEX,123.48,-0.76,2492269,36.27%,123.74,-0.77,74250150,74250150,0.0,Flat,0.599,124.0,60,MODERATE,–,123.0,45,WEAK,–,125.0,120.0,122.0,RANGE_LOCK_STABLE,🛡️ INSTITUTIONAL RANGE LOCK,Writers actively defending both sides between 123.0 – 124.0.
IGL,151.38,-1.49,1084851,53.77%,0,0.0,0,0,0.0,–,,,,,,,,,,,,,,,
INDHOTEL,724.85,-0.92,3965242,39.82%,720.1,-1.65,26844000,26127000,2.74,Short Buildup,0.657,725.0,50,MODERATE,–,720.0,51,MODERATE,–,760.0,720.0,730.0,NEUTRAL_BALANCED,⚖️ BALANCED ATM BOUNDS,Immediate bounds: Support at 720.0 (MODERATE) | Resistance at 725.0 (MODERATE).
INDIACEM,409.65,1.1,776700,26.64%,0,0.0,0,0,0.0,–,,,,,,,,,,,,,,,
INDIANB,827.55,-3.25,1611184,48.59%,829.8,-2.94,16378000,15922000,2.86,Short Buildup,0.979,830.0,55,MODERATE,–,821.75,59,MODERATE,–,900.0,800.0,840.0,NEUTRAL_BALANCED,⚖️ BALANCED ATM BOUNDS,Immediate bounds: Support at 821.75 (MODERATE) | Resistance at 830.0 (MODERATE).
INDIGO,5117,-3.54,1652164,63.19%,5100.5,-3.68,6003900,5614650,6.93,Short Buildup,0.888,5150.0,83,STRONG,Short Buildup,5100.0,70,MODERATE,–,5300.0,5100.0,5200.0,NEUTRAL_BALANCED,⚖️ BALANCED ATM BOUNDS,Immediate bounds: Support at 5100.0 (MODERATE) | Resistance at 5150.0 (STRONG).
INDUSTOWER,394.85,-2.37,2210902,35.20%,400.6,-1.07,85506600,83577100,2.31,Short Buildup,0.739,395.0,38,WEAK,–,390.0,70,MODERATE,–,410.0,370.0,400.0,NEUTRAL_BALANCED,⚖️ BALANCED ATM BOUNDS,Immediate bounds: Support at 390.0 (MODERATE) | Resistance at 395.0 (WEAK).
INFY,1052.1,-1.99,7517203,56.33%,1052.3,-2.08,100124800,100063600,0.06,Short Buildup,1.103,1055.0,52,MODERATE,–,1050.0,63,MODERATE,–,1100.0,1050.0,1070.0,NEUTRAL_BALANCED,⚖️ BALANCED ATM BOUNDS,Immediate bounds: Support at 1050.0 (MODERATE) | Resistance at 1055.0 (MODERATE).
INOXWIND,76.67,-2.97,11390993,40.43%,76.86,-2.87,98278400,96710400,1.62,Short Buildup,0.668,77.0,60,MODERATE,–,76.0,85,STRONG,–,80.0,75.0,83.0,RANGE_LOCK_STABLE,🛡️ INSTITUTIONAL RANGE LOCK,Writers actively defending both sides between 76.0 – 77.0.
IOB,34.59,-1.87,3920420,47.18%,0,0.0,0,0,0.0,–,,,,,,,,,,,,,,,
IOC,142.03,-0.89,9024642,55.13%,141.36,-1.33,149048250,142203750,4.81,Short Buildup,0.862,142.5,45,WEAK,–,142.0,43,WEAK,–,150.0,140.0,142.0,NEUTRAL_BALANCED,⚖️ BALANCED ATM BOUNDS,Immediate bounds: Support at 142.0 (WEAK) | Resistance at 142.5 (WEAK).
IPCALAB,1788.5,-0.58,193000,46.84%,0,0.0,0,0,0.0,–,,,,,,,,,,,,,,,
IRCTC,494.05,-1.15,670020,60.69%,0,0.0,0,0,0.0,–,,,,,,,,,,,,,,,
IRFC,87.39,-1.04,5926795,43.97%,87.0,-1.32,90206900,89284650,1.03,Short Buildup,0.802,88.0,81,STRONG,Short Buildup,87.0,69,MODERATE,Long Buildup,100.0,85.0,90.0,RANGE_LOCK_STABLE,🛡️ INSTITUTIONAL RANGE LOCK,Writers actively defending both sides between 87.0 – 88.0.
ITC,280.8,-0.07,12995017,57.80%,281.15,0.02,131232825,131201775,0.02,Long Buildup,0.732,282.0,60,MODERATE,–,280.0,78,MODERATE,–,290.0,280.0,290.0,RANGE_LOCK_STABLE,🛡️ INSTITUTIONAL RANGE LOCK,Writers actively defending both sides between 280.0 – 282.0.
JKCEMENT,5762,1.84,144890,49.78%,0,0.0,0,0,0.0,–,,,,,,,,,,,,,,,
JKPAPER,389.3,3.55,6783489,14.73%,0,0.0,0,0,0.0,–,,,,,,,,,,,,,,,
JSWSTEEL,1266.9,-0.04,3988761,73.97%,1264.0,-0.24,37941750,37588725,0.94,Short Buildup,0.528,1270.0,92,STRONG,Short Buildup,1260.0,72,MODERATE,Short Buildup,1300.0,1100.0,1240.0,RANGE_LOCK_STABLE,🛡️ INSTITUTIONAL RANGE LOCK,Writers actively defending both sides between 1260.0 – 1270.0.
JUBLFOOD,417.2,-1.95,701088,35.11%,418.5,-1.61,19043750,19043750,0.0,Flat,0.938,420.0,80,STRONG,–,415.0,69,MODERATE,Long Buildup,450.0,400.0,435.0,RANGE_LOCK_STABLE,🛡️ INSTITUTIONAL RANGE LOCK,Writers actively defending both sides between 415.0 – 420.0.
KALYANKJIL,596.1,3.31,32800326,16.38%,594.55,2.65,30281850,30281850,0.0,Flat,0.727,600.0,77,MODERATE,Long Buildup,595.0,71,MODERATE,Short Buildup,600.0,500.0,530.0,RANGE_LOCK_STABLE,🛡️ INSTITUTIONAL RANGE LOCK,Writers actively defending both sides between 595.0 – 600.0.
KOTAKBANK,381.15,-1.24,11688952,71.79%,381.55,-1.27,152584000,146140000,4.41,Short Buildup,0.611,382.5,82,STRONG,Short Buildup,380.0,62,MODERATE,Long Buildup,400.0,380.0,385.0,RANGE_LOCK_STABLE,🛡️ INSTITUTIONAL RANGE LOCK,Writers actively defending both sides between 380.0 – 382.5.
LALPATHLAB,1699,-0.06,181603,59.86%,0,0.0,0,0,0.0,–,,,,,,,,,,,,,,,
LEMONTREE,108.91,-1.84,3581167,55.48%,0,0.0,0,0,0.0,–,,,,,,,,,,,,,,,
LICHSGFIN,538.6,-1.82,616187,54.80%,538.85,-1.81,19346000,19112000,1.22,Short Buildup,0.827,540.0,74,MODERATE,Short Buildup,535.0,85,STRONG,Long Buildup,600.0,520.0,550.0,RANGE_LOCK_STABLE,🛡️ INSTITUTIONAL RANGE LOCK,Writers actively defending both sides between 535.0 – 540.0.
LICI,423.3,-1.49,1110423,47.25%,425.25,-1.28,20440000,20433000,0.03,Short Buildup,0.983,425.0,77,MODERATE,Short Buildup,422.5,72,MODERATE,–,450.0,400.0,430.0,RANGE_LOCK_STABLE,🛡️ INSTITUTIONAL RANGE LOCK,Writers actively defending both sides between 422.5 – 425.0.
LINDEINDIA,6840.5,-2.33,26168,73.39%,0,0.0,0,0,0.0,–,,,,,,,,,,,,,,,
LT,3817.4,-0.76,1157406,61.87%,3812.1,-0.93,13205675,12750150,3.57,Short Buildup,0.764,3820.0,60,MODERATE,–,3800.0,62,MODERATE,–,4000.0,3700.0,3940.0,RANGE_LOCK_STABLE,🛡️ INSTITUTIONAL RANGE LOCK,Writers actively defending both sides between 3800.0 – 3820.0.
LTIM,0,0.0,–,–,0,0.0,0,0,0.0,–,,,,,,,,,,,,,,,
LTTS,3333.2,0.81,80738,35.02%,0,0.0,0,0,0.0,–,,,,,,,,,,,,,,,
LUPIN,2406.9,-4.29,1224924,52.08%,2412.6,-4.04,5102125,5037100,1.29,Short Buildup,0.684,2420.0,84,STRONG,Short Buildup,2400.0,65,MODERATE,Long Buildup,2500.0,2160.0,2440.0,RANGE_LOCK_STABLE,🛡️ INSTITUTIONAL RANGE LOCK,Writers actively defending both sides between 2400.0 – 2420.0.
M&M,3175.3,-0.82,1784375,53.11%,3172.7,-1.18,15151600,14848600,2.04,Short Buildup,0.539,3180.0,85,STRONG,Short Buildup,3160.0,61,MODERATE,Long Buildup,3200.0,3100.0,3120.0,RANGE_LOCK_STABLE,🛡️ INSTITUTIONAL RANGE LOCK,Writers actively defending both sides between 3160.0 – 3180.0.
MANAPPURAM,350.2,-0.44,4714729,39.00%,351.15,-0.26,56352000,56094000,0.46,Short Buildup,0.714,355.0,95,STRONG,Short Buildup,350.0,72,MODERATE,–,370.0,300.0,335.0,RANGE_LOCK_STABLE,🛡️ INSTITUTIONAL RANGE LOCK,Writers actively defending both sides between 350.0 – 355.0.
MARICO,862.65,1.07,1248595,55.65%,860.65,0.85,12358800,12012000,2.89,Long Buildup,0.489,865.0,72,MODERATE,Long Buildup,860.0,73,MODERATE,Short Buildup,900.0,800.0,850.0,RANGE_LOCK_STABLE,🛡️ INSTITUTIONAL RANGE LOCK,Writers actively defending both sides between 860.0 – 865.0.
MARUTI,13545,-0.38,299404,50.79%,13530.0,-0.72,2189450,2139350,2.34,Short Buildup,0.619,13600.0,66,MODERATE,–,13500.0,58,MODERATE,–,14500.0,13000.0,13700.0,NEUTRAL_BALANCED,⚖️ BALANCED ATM BOUNDS,Immediate bounds: Support at 13500.0 (MODERATE) | Resistance at 13600.0 (MODERATE).
MCX,2803.9,0.1,980174,38.44%,2813.2,0.22,7701300,7573950,1.68,Long Buildup,0.547,2850.0,89,STRONG,Short Buildup,2800.0,77,MODERATE,Short Buildup,3000.0,2800.0,2800.0,RANGE_LOCK_STABLE,🛡️ INSTITUTIONAL RANGE LOCK,Writers actively defending both sides between 2800.0 – 2850.0.
METROPOLIS,570.1,0.23,118276,43.76%,0,0.0,0,0,0.0,–,,,,,,,,,,,,,,,
MFSL,1523.3,-1.05,433346,67.55%,1528.0,-1.03,8581600,8542000,0.46,Short Buildup,0.718,1540.0,76,MODERATE,–,1520.0,74,MODERATE,–,1580.0,1500.0,1560.0,NEUTRAL_BALANCED,⚖️ BALANCED ATM BOUNDS,Immediate bounds: Support at 1520.0 (MODERATE) | Resistance at 1540.0 (MODERATE).
MGL,1081.9,0.05,105486,51.18%,0,0.0,0,0,0.0,–,,,,,,,,,,,,,,,
MPHASIS,2273.8,-4.47,434670,42.09%,2271.0,-4.78,4843025,4677750,3.53,Short Buildup,0.913,2278.0,84,STRONG,Short Buildup,2258.0,85,STRONG,Long Buildup,2400.0,2238.0,2278.0,RANGE_LOCK_STABLE,🛡️ INSTITUTIONAL RANGE LOCK,Writers actively defending both sides between 2258.0 – 2278.0.
NAUKRI,1189.3,-1.52,1736169,58.59%,1186.0,-1.42,13838000,13636700,1.48,Short Buildup,0.492,1200.0,87,STRONG,Short Buildup,1180.0,69,MODERATE,–,1220.0,1100.0,1140.0,RANGE_LOCK_STABLE,🛡️ INSTITUTIONAL RANGE LOCK,Writers actively defending both sides between 1180.0 – 1200.0.
NAVINFLUOR,7789,-1.18,188907,58.50%,0,0.0,0,0,0.0,–,,,,,,,,,,,,,,,
NBCC,94.74,-2.13,8605587,37.45%,94.69,-2.2,104565500,103746500,0.79,Short Buildup,0.642,95.0,70,MODERATE,Short Buildup,93.0,82,STRONG,Long Buildup,100.0,90.0,100.0,RANGE_LOCK_STABLE,🛡️ INSTITUTIONAL RANGE LOCK,Writers actively defending both sides between 93.0 – 95.0.
NCC,137.75,-1.11,1418006,47.61%,0,0.0,0,0,0.0,–,,,,,,,,,,,,,,,
NESTLEIND,1493.6,2.87,6542494,32.16%,1502.0,3.22,11630500,10926500,6.44,Long Buildup,0.479,1500.0,85,STRONG,–,1490.0,27,WEAK,–,1500.0,1400.0,1450.0,NEUTRAL_BALANCED,⚖️ BALANCED ATM BOUNDS,Immediate bounds: Support at 1490.0 (WEAK) | Resistance at 1500.0 (STRONG).
NHPC,80.28,-0.04,9932836,53.39%,80.01,0.36,129228300,127560300,1.31,Long Buildup,0.46,81.0,87,STRONG,–,80.0,76,MODERATE,–,88.0,70.0,80.0,RANGE_LOCK_STABLE,🛡️ INSTITUTIONAL RANGE LOCK,Writers actively defending both sides between 80.0 – 81.0.
NIFTY,23996.25,-0.79,–,–,23982.0,-0.82,14525615,14333150,1.34,Short Buildup,0.82,24000.0,81,STRONG,Short Buildup,23950.0,69,MODERATE,Long Buildup,24200.0,23000.0,24100.0,RANGE_LOCK_STABLE,🛡️ INSTITUTIONAL RANGE LOCK,Writers actively defending both sides between 23950.0 – 24000.0.
NMDC,83.34,-0.7,12894573,52.54%,83.29,-1.08,362724750,361739250,0.27,Short Buildup,0.842,84.0,76,MODERATE,Short Buildup,83.0,70,MODERATE,Long Buildup,90.0,82.0,85.0,RANGE_LOCK_STABLE,🛡️ INSTITUTIONAL RANGE LOCK,Writers actively defending both sides between 83.0 – 84.0.
NTPC,350.5,0.56,7035952,66.86%,350.0,0.44,126507000,121848000,3.82,Long Buildup,0.374,352.5,80,STRONG,Long Buildup,350.0,73,MODERATE,Short Buildup,367.5,345.0,350.0,RANGE_LOCK_STABLE,🛡️ INSTITUTIONAL RANGE LOCK,Writers actively defending both sides between 350.0 – 352.5.
NYKAA,326.6,-0.41,7608062,53.46%,328.0,0.05,45603125,44943750,1.47,Long Buildup,0.826,330.0,86,STRONG,–,325.0,80,STRONG,Short Buildup,330.0,300.0,315.0,RANGE_LOCK_STABLE,🛡️ INSTITUTIONAL RANGE LOCK,Writers actively defending both sides between 325.0 – 330.0.
OBEROIRLTY,1851.5,-1.77,308272,28.19%,1837.6,-2.04,6206200,6114150,1.51,Short Buildup,0.941,1860.0,85,STRONG,–,1840.0,53,MODERATE,–,1960.0,1760.0,1880.0,NEUTRAL_BALANCED,⚖️ BALANCED ATM BOUNDS,Immediate bounds: Support at 1840.0 (MODERATE) | Resistance at 1860.0 (STRONG).
OFSS,10851,-6.71,407161,38.93%,10800.0,-7.47,1648500,1616700,1.97,Short Buildup,0.768,10900.0,82,STRONG,–,10800.0,50,MODERATE,–,12000.0,10000.0,11200.0,NEUTRAL_BALANCED,⚖️ BALANCED ATM BOUNDS,Immediate bounds: Support at 10800.0 (MODERATE) | Resistance at 10900.0 (STRONG).
OIL,451.15,1.35,2534069,43.09%,451.45,1.48,18333000,18180400,0.84,Long Buildup,0.578,455.0,78,MODERATE,–,450.0,75,MODERATE,–,480.0,410.0,435.0,RANGE_LOCK_STABLE,🛡️ INSTITUTIONAL RANGE LOCK,Writers actively defending both sides between 450.0 – 455.0.
ONGC,251.9,0.8,10909821,52.55%,251.49,0.7,80991000,80590500,0.5,Long Buildup,0.422,252.5,77,MODERATE,–,250.0,71,MODERATE,–,255.0,250.0,245.0,NEUTRAL_BALANCED,⚖️ BALANCED ATM BOUNDS,Immediate bounds: Support at 250.0 (MODERATE) | Resistance at 252.5 (MODERATE).
PAGEIND,39820,-0.69,18127,54.25%,39920.0,-0.31,290680,288680,0.69,Short Buildup,0.536,40000.0,70,MODERATE,–,39750.0,100,STRONG,–,40000.0,39000.0,40000.0,NEUTRAL_BALANCED,⚖️ BALANCED ATM BOUNDS,Immediate bounds: Support at 39750.0 (STRONG) | Resistance at 40000.0 (MODERATE).
PAYTM,1267,-2.58,3940599,28.50%,1273.3,-2.14,22846925,22335800,2.29,Short Buildup,0.385,1270.0,100,STRONG,–,1260.0,72,MODERATE,–,1400.0,1200.0,1300.0,NEUTRAL_BALANCED,⚖️ BALANCED ATM BOUNDS,Immediate bounds: Support at 1260.0 (MODERATE) | Resistance at 1270.0 (STRONG).
PERSISTENT,5098.8,-2.3,385227,37.55%,5077.9,-2.63,4607500,4498375,2.43,Short Buildup,0.939,5100.0,70,MODERATE,Short Buildup,5050.0,0,WEAK,–,5200.0,5000.0,5000.0,NEUTRAL_BALANCED,⚖️ BALANCED ATM BOUNDS,Immediate bounds: Support at 5050.0 (WEAK) | Resistance at 5100.0 (MODERATE).
PETRONET,279.65,1.08,3065377,66.51%,279.45,1.05,32039700,31650200,1.23,Long Buildup,0.859,280.0,56,MODERATE,–,277.5,78,MODERATE,Short Buildup,290.0,260.0,280.0,NEUTRAL_BALANCED,⚖️ BALANCED ATM BOUNDS,Immediate bounds: Support at 277.5 (MODERATE) | Resistance at 280.0 (MODERATE).
PFC,412.3,-0.61,2654166,57.54%,411.95,-0.64,49389600,49333700,0.11,Short Buildup,0.601,415.0,86,STRONG,Short Buildup,410.0,72,MODERATE,Long Buildup,420.0,400.0,420.0,RANGE_LOCK_STABLE,🛡️ INSTITUTIONAL RANGE LOCK,Writers actively defending both sides between 410.0 – 415.0.
PHOENIXLTD,2055.6,-1.7,470021,61.35%,2052.2,-1.91,3269000,3241000,0.86,Short Buildup,0.692,2060.0,77,MODERATE,Short Buildup,2040.0,89,STRONG,Long Buildup,2300.0,1960.0,2060.0,RANGE_LOCK_STABLE,🛡️ INSTITUTIONAL RANGE LOCK,Writers actively defending both sides between 2040.0 – 2060.0.
PIDILITIND,1608.6,1.09,1518908,63.54%,1594.4,0.92,7148500,6894000,3.69,Long Buildup,0.421,1610.0,76,MODERATE,Long Buildup,1600.0,74,MODERATE,Short Buildup,1700.0,1560.0,1580.0,RANGE_LOCK_STABLE,🛡️ INSTITUTIONAL RANGE LOCK,Writers actively defending both sides between 1600.0 – 1610.0.
PIIND,2697.6,0.59,374117,33.73%,2698.9,0.65,2896250,2868075,0.98,Long Buildup,0.57,2700.0,64,MODERATE,Long Buildup,2680.0,74,MODERATE,Short Buildup,2800.0,2600.0,2680.0,RANGE_LOCK_STABLE,🛡️ INSTITUTIONAL RANGE LOCK,Writers actively defending both sides between 2680.0 – 2700.0.
PNB,110.73,-1.2,20951785,55.04%,110.74,-1.15,266424000,262072000,1.66,Short Buildup,0.654,111.0,85,STRONG,Short Buildup,110.0,65,MODERATE,–,118.0,105.0,108.0,RANGE_LOCK_STABLE,🛡️ INSTITUTIONAL RANGE LOCK,Writers actively defending both sides between 110.0 – 111.0.
POLYCAB,9090.5,2.1,588610,42.07%,9110.0,2.15,2531375,2528750,0.1,Long Buildup,0.752,9100.0,64,MODERATE,Long Buildup,9000.0,80,STRONG,Short Buildup,10000.0,8500.0,9200.0,RANGE_LOCK_STABLE,🛡️ INSTITUTIONAL RANGE LOCK,Writers actively defending both sides between 9000.0 – 9100.0.
POWERGRID,289.3,0.91,4595987,62.67%,288.55,0.73,62652500,57862600,8.28,Long Buildup,0.44,290.0,78,MODERATE,–,287.5,25,WEAK,–,290.0,285.0,287.5,NEUTRAL_BALANCED,⚖️ BALANCED ATM BOUNDS,Immediate bounds: Support at 287.5 (WEAK) | Resistance at 290.0 (MODERATE).
PRESTIGE,1663.1,-2.57,723434,53.54%,1667.7,-2.36,4992750,4937400,1.12,Short Buildup,0.581,1680.0,81,STRONG,Short Buildup,1660.0,59,MODERATE,Long Buildup,1700.0,1640.0,1640.0,RANGE_LOCK_STABLE,🛡️ INSTITUTIONAL RANGE LOCK,Writers actively defending both sides between 1660.0 – 1680.0.
PVRINOX,992.65,-0.84,99257,44.13%,0,0.0,0,0,0.0,–,,,,,,,,,,,,,,,
RAMCOCEM,907,-1.18,85725,47.66%,0,0.0,0,0,0.0,–,,,,,,,,,,,,,,,
RBLBANK,355.5,-3.19,4420773,43.19%,356.55,-3.33,45212000,45208825,0.01,Short Buildup,0.52,360.0,84,STRONG,Short Buildup,355.0,67,MODERATE,Long Buildup,380.0,350.0,360.0,RANGE_LOCK_STABLE,🛡️ INSTITUTIONAL RANGE LOCK,Writers actively defending both sides between 355.0 – 360.0.
RECLTD,360.65,-0.39,2248543,59.63%,359.35,-0.4,39940425,39940425,0.0,Flat,0.625,365.0,89,STRONG,Short Buildup,360.0,62,MODERATE,–,370.0,360.0,360.0,RANGE_LOCK_STABLE,🛡️ INSTITUTIONAL RANGE LOCK,Writers actively defending both sides between 360.0 – 365.0.
RELIANCE,1288.6,-1.16,10840383,70.32%,1287.7,-1.42,94874000,94841000,0.03,Short Buildup,0.531,1290.0,81,STRONG,Short Buildup,1280.0,72,MODERATE,Long Buildup,1350.0,1250.0,1320.0,RANGE_LOCK_STABLE,🛡️ INSTITUTIONAL RANGE LOCK,Writers actively defending both sides between 1280.0 – 1290.0.
RVNL,223.11,-0.95,3034876,30.14%,223.62,-1.15,35350700,35294875,0.16,Short Buildup,0.535,225.0,87,STRONG,Short Buildup,220.0,79,MODERATE,Long Buildup,250.0,220.0,240.0,RANGE_LOCK_STABLE,🛡️ INSTITUTIONAL RANGE LOCK,Writers actively defending both sides between 220.0 – 225.0.
SAIL,161.98,-1.27,11621931,35.83%,161.26,-1.87,194424900,193776300,0.33,Short Buildup,0.614,162.5,88,STRONG,Short Buildup,160.0,75,MODERATE,Long Buildup,170.0,155.0,170.0,RANGE_LOCK_STABLE,🛡️ INSTITUTIONAL RANGE LOCK,Writers actively defending both sides between 160.0 – 162.5.
SBICARD,626.85,-2.82,1812968,44.48%,625.0,-3.01,24237600,24211200,0.11,Short Buildup,0.452,630.0,82,STRONG,–,620.0,65,MODERATE,–,690.0,600.0,620.0,RANGE_LOCK_STABLE,🛡️ INSTITUTIONAL RANGE LOCK,Writers actively defending both sides between 620.0 – 630.0.
SBILIFE,1806.7,-1.16,484506,61.58%,1809.7,-0.91,7074375,6925875,2.14,Short Buildup,0.65,1820.0,82,STRONG,Short Buildup,1800.0,70,MODERATE,Long Buildup,1900.0,1800.0,1820.0,RANGE_LOCK_STABLE,🛡️ INSTITUTIONAL RANGE LOCK,Writers actively defending both sides between 1800.0 – 1820.0.
SBIN,1025,-1.86,11227214,58.64%,1024.5,-2.06,59022750,56475000,4.51,Short Buildup,0.746,1030.0,83,STRONG,Short Buildup,1020.0,65,MODERATE,–,1050.0,1020.0,1040.0,RANGE_LOCK_STABLE,🛡️ INSTITUTIONAL RANGE LOCK,Writers actively defending both sides between 1020.0 – 1030.0.
SHREECEM,26720,-1.93,11733,43.66%,26600.0,-2.13,345825,341525,1.26,Short Buildup,0.647,26750.0,83,STRONG,Short Buildup,26500.0,73,MODERATE,–,28000.0,26000.0,26000.0,RANGE_LOCK_STABLE,🛡️ INSTITUTIONAL RANGE LOCK,Writers actively defending both sides between 26500.0 – 26750.0.
SHYAMMETL,1030.15,-3.06,276198,58.53%,0,0.0,0,0,0.0,–,,,,,,,,,,,,,,,
SIEMENS,3649.4,-0.5,226832,28.61%,3639.3,-0.96,3708600,3699500,0.25,Short Buildup,0.545,3650.0,77,MODERATE,Short Buildup,3600.0,62,MODERATE,Long Buildup,3700.0,3500.0,3650.0,RANGE_LOCK_STABLE,🛡️ INSTITUTIONAL RANGE LOCK,Writers actively defending both sides between 3600.0 – 3650.0.
SJVN,68.66,0.01,2151266,47.24%,0,0.0,0,0,0.0,–,,,,,,,,,,,,,,,
SONACOMS,726.5,-0.85,2080575,47.37%,728.0,-0.92,14725725,14684075,0.28,Short Buildup,0.655,730.0,85,STRONG,–,720.0,73,MODERATE,–,740.0,700.0,680.0,RANGE_LOCK_STABLE,🛡️ INSTITUTIONAL RANGE LOCK,Writers actively defending both sides between 720.0 – 730.0.
SPICEJET,0,0.0,–,–,0,0.0,0,0,0.0,–,,,,,,,,,,,,,,,
SRF,2867.2,-2.44,1576048,20.24%,2813.0,-4.72,4041400,3534800,14.33,Short Buildup,0.545,2880.0,84,STRONG,Short Buildup,2860.0,45,WEAK,–,3000.0,2700.0,2850.0,RANGE_LOCK_STABLE,🛡️ INSTITUTIONAL RANGE LOCK,Writers actively defending both sides between 2860.0 – 2880.0.
STAR,1040.7,-1.01,282236,46.74%,0,0.0,0,0,0.0,–,,,,,,,,,,,,,,,
SUMICHEM,531.2,-1.7,294276,47.49%,0,0.0,0,0,0.0,–,,,,,,,,,,,,,,,
SUNDARMFIN,4420,-1.18,39053,61.80%,0,0.0,0,0,0.0,–,,,,,,,,,,,,,,,
SUNDRMBRAK,0,0.0,–,–,0,0.0,0,0,0.0,–,,,,,,,,,,,,,,,
SUNPHARMA,1943,-0.96,1718430,64.99%,1938.1,-1.14,15878100,15075200,5.33,Short Buildup,0.463,1960.0,95,STRONG,Short Buildup,1940.0,59,MODERATE,Long Buildup,1960.0,1900.0,1900.0,RANGE_LOCK_STABLE,🛡️ INSTITUTIONAL RANGE LOCK,Writers actively defending both sides between 1940.0 – 1960.0.
SUNTV,490.8,-0.72,79598,54.66%,0,0.0,0,0,0.0,–,,,,,,,,,,,,,,,
SUPREME,44.73,-1.28,24915,70.57%,0,0.0,0,0,0.0,–,,,,,,,,,,,,,,,
TATACHEM,691.65,0.14,582006,34.25%,0,0.0,0,0,0.0,–,,,,,,,,,,,,,,,
TATACOMM,1761.4,-3.16,1705525,24.50%,0,0.0,0,0,0.0,–,,,,,,,,,,,,,,,
TATACONSUM,1094.9,1.24,1519534,45.91%,1099.7,1.46,15128850,14913800,1.44,Long Buildup,1.089,1100.0,67,MODERATE,Long Buildup,1090.0,81,STRONG,Short Buildup,1100.0,1000.0,1100.0,RANGE_LOCK_STABLE,🛡️ INSTITUTIONAL RANGE LOCK,Writers actively defending both sides between 1090.0 – 1100.0.
TATAELXSI,3406.6,-1.59,367148,45.37%,3418.8,-1.26,3277375,3273375,0.12,Short Buildup,0.731,3450.0,81,STRONG,Short Buildup,3400.0,81,STRONG,Long Buildup,4000.0,3300.0,3600.0,RANGE_LOCK_STABLE,🛡️ INSTITUTIONAL RANGE LOCK,Writers actively defending both sides between 3400.0 – 3450.0.
TATAMOTORS,0,0.0,–,–,0,0.0,0,0,0.0,–,,,,,,,,,,,,,,,
TATAMTRDVR,0,0.0,–,–,0,0.0,0,0,0.0,–,,,,,,,,,,,,,,,
TATAPOWER,378.55,-0.76,2152210,39.14%,378.4,-0.75,57080700,56300600,1.39,Short Buildup,0.911,380.0,82,STRONG,Short Buildup,375.0,86,STRONG,Long Buildup,400.0,350.0,390.0,RANGE_LOCK_STABLE,🛡️ INSTITUTIONAL RANGE LOCK,Writers actively defending both sides between 375.0 – 380.0.
TATASTEEL,186.53,-0.38,16643117,51.46%,186.04,-0.6,164419750,163284000,0.7,Short Buildup,0.568,187.5,91,STRONG,–,185.0,82,STRONG,–,190.0,185.0,190.0,RANGE_LOCK_STABLE,🛡️ INSTITUTIONAL RANGE LOCK,Writers actively defending both sides between 185.0 – 187.5.
TCS,2208.3,-0.58,1599665,39.85%,2211.1,-0.67,37121175,36988200,0.36,Short Buildup,0.704,2220.0,84,STRONG,Short Buildup,2200.0,61,MODERATE,Long Buildup,2400.0,2000.0,2140.0,RANGE_LOCK_STABLE,🛡️ INSTITUTIONAL RANGE LOCK,Writers actively defending both sides between 2200.0 – 2220.0.
TECHM,1560.6,-1.0,975901,46.31%,1559.8,-0.9,20197800,20196000,0.01,Short Buildup,0.784,1564.0,78,MODERATE,Short Buildup,1560.0,62,MODERATE,Long Buildup,1600.0,1500.0,1500.0,RANGE_LOCK_STABLE,🛡️ INSTITUTIONAL RANGE LOCK,Writers actively defending both sides between 1560.0 – 1564.0.
THERMAX,4718.5,-2.53,129520,51.49%,0,0.0,0,0,0.0,–,,,,,,,,,,,,,,,
TIINDIA,2903.7,-0.19,204286,37.63%,2907.8,-0.31,1919000,1917000,0.1,Short Buildup,0.656,2920.0,88,STRONG,Short Buildup,2900.0,78,MODERATE,Short Buildup,3000.0,2700.0,2950.0,RANGE_LOCK_STABLE,🛡️ INSTITUTIONAL RANGE LOCK,Writers actively defending both sides between 2900.0 – 2920.0.
TITAN,4711.6,0.49,996475,60.81%,4717.3,0.7,5124700,5090750,0.67,Long Buildup,0.742,4750.0,79,MODERATE,Long Buildup,4700.0,76,MODERATE,Short Buildup,4900.0,4450.0,4550.0,RANGE_LOCK_STABLE,🛡️ INSTITUTIONAL RANGE LOCK,Writers actively defending both sides between 4700.0 – 4750.0.
TORNTPHARM,5033.4,-0.14,290320,51.42%,5036.2,0.07,3611625,3590750,0.58,Long Buildup,0.853,5050.0,97,STRONG,–,5000.0,82,STRONG,Short Buildup,5100.0,4900.0,4900.0,RANGE_LOCK_STABLE,🛡️ INSTITUTIONAL RANGE LOCK,Writers actively defending both sides between 5000.0 – 5050.0.
TORNTPOWER,1433.1,-0.19,303353,70.75%,0,0.0,0,0,0.0,–,,,,,,,,,,,,,,,
TRENT,2887.3,-0.26,628545,52.29%,2894.0,-0.1,11985075,11984850,0.0,Short Buildup,0.706,2900.0,83,STRONG,–,2880.0,79,MODERATE,Short Buildup,3000.0,2800.0,2950.0,RANGE_LOCK_STABLE,🛡️ INSTITUTIONAL RANGE LOCK,Writers actively defending both sides between 2880.0 – 2900.0.
TTKPRESTIG,657.1,0.14,34981,51.92%,0,0.0,0,0,0.0,–,,,,,,,,,,,,,,,
TVSMOTOR,3907.6,3.05,3225267,35.91%,3912.0,3.09,12783400,12431825,2.83,Long Buildup,0.426,3920.0,100,STRONG,–,3900.0,46,WEAK,–,4000.0,3800.0,3760.0,NEUTRAL_BALANCED,⚖️ BALANCED ATM BOUNDS,Immediate bounds: Support at 3900.0 (WEAK) | Resistance at 3920.0 (STRONG).
UBL,1431,1.89,312669,44.22%,0,0.0,0,0,0.0,–,,,,,,,,,,,,,,,
ULTRACEMCO,11893,-1.66,283753,59.42%,11870.0,-1.82,1917600,1836700,4.4,Short Buildup,0.349,11900.0,89,STRONG,Short Buildup,11800.0,60,MODERATE,–,12400.0,11500.0,11700.0,RANGE_LOCK_STABLE,🛡️ INSTITUTIONAL RANGE LOCK,Writers actively defending both sides between 11800.0 – 11900.0.
UNIONBANK,170.64,-3.11,10788134,44.30%,171.6,-2.58,120687450,120554700,0.11,Short Buildup,0.658,172.5,85,STRONG,Short Buildup,170.0,62,MODERATE,Long Buildup,180.0,160.0,170.0,RANGE_LOCK_STABLE,🛡️ INSTITUTIONAL RANGE LOCK,Writers actively defending both sides between 170.0 – 172.5.
UPL,608.85,-1.5,725603,49.01%,606.8,-1.82,26955015,26908945,0.17,Short Buildup,0.583,610.0,85,STRONG,Short Buildup,605.0,45,WEAK,–,620.0,600.0,600.0,RANGE_LOCK_STABLE,🛡️ INSTITUTIONAL RANGE LOCK,Writers actively defending both sides between 605.0 – 610.0.
UTIAMC,909.55,-1.04,199853,61.22%,0,0.0,0,0,0.0,–,,,,,,,,,,,,,,,
VBL,458.25,-1.12,7951021,64.68%,462.7,-0.22,50789625,49603875,2.39,Short Buildup,0.751,460.0,77,MODERATE,Short Buildup,450.0,88,STRONG,Short Buildup,500.0,450.0,480.0,RANGE_LOCK_STABLE,🛡️ INSTITUTIONAL RANGE LOCK,Writers actively defending both sides between 450.0 – 460.0.
VEDL,262.3,-0.96,6972972,52.19%,262.6,-1.13,59974800,59879350,0.16,Short Buildup,0.499,265.0,86,STRONG,Short Buildup,260.0,60,MODERATE,–,300.0,250.0,275.0,RANGE_LOCK_STABLE,🛡️ INSTITUTIONAL RANGE LOCK,Writers actively defending both sides between 260.0 – 265.0.
VGUARD,294.9,-2.01,148514,61.34%,0,0.0,0,0,0.0,–,,,,,,,,,,,,,,,
VOLTAS,1308,-3.77,730962,37.42%,1309.0,-3.81,7930500,7885875,0.57,Short Buildup,0.724,1320.0,83,STRONG,Short Buildup,1300.0,64,MODERATE,Long Buildup,1400.0,1260.0,1320.0,RANGE_LOCK_STABLE,🛡️ INSTITUTIONAL RANGE LOCK,Writers actively defending both sides between 1300.0 – 1320.0.
WHIRLPOOL,757.4,-1.6,423161,63.18%,0,0.0,0,0,0.0,–,,,,,,,,,,,,,,,
WIPRO,174.44,-0.3,5057035,44.94%,172.58,-0.52,284985000,284838000,0.05,Short Buildup,0.605,175.0,89,STRONG,Short Buildup,172.5,74,MODERATE,Long Buildup,180.0,170.0,175.0,RANGE_LOCK_STABLE,🛡️ INSTITUTIONAL RANGE LOCK,Writers actively defending both sides between 172.5 – 175.0.
ZEEL,105.39,-2.04,11839197,25.23%,0,0.0,0,0,0.0,–,,,,,,,,,,,,,,,
ZOMATO,0,0.0,–,–,0,0.0,0,0,0.0,–,,,,,,,,,,,,,,,
ZYDUSLIFE,1126.3,-1.47,1619112,54.07%,1122.0,-2.08,10299600,9976500,3.24,Short Buildup,0.705,1130.0,75,MODERATE,Short Buildup,1120.0,70,MODERATE,Long Buildup,1200.0,1100.0,1140.0,RANGE_LOCK_STABLE,🛡️ INSTITUTIONAL RANGE LOCK,Writers actively defending both sides between 1120.0 – 1130.0.
